<?xml version="1.0" encoding="utf-8"?>
<!DOCTYPE hibernate-mapping PUBLIC "-//Hibernate/Hibernate Mapping DTD 3.0//EN"
        "http://hibernate.sourceforge.net/hibernate-mapping-3.0.dtd">
<!--
    Mapping file autogenerated by MyEclipse Persistence Tools
-->
<hibernate-mapping>
    <class name="com.model.dx" table="dx">
        <id name="id" type="java.lang.Integer">
            <column name="id" />
            <generator class="increment" />
        </id>
        <property name="leibie" type="java.lang.String">
            <column name="leibie" length="50" />
        </property>
        <property name="content" type="java.lang.String">
            <column name="content" length="255" />
        </property>
        <property name="addtime" type="java.lang.String">
            <column name="addtime" length="50" />
        </property>

    </class>
</hibernate-mapping>
