<?xml version="1.0" encoding="utf-8"?>
<!DOCTYPE hibernate-mapping PUBLIC "-//Hibernate/Hibernate Mapping DTD 3.0//EN"
        "http://hibernate.sourceforge.net/hibernate-mapping-3.0.dtd">
<!--
    Mapping file autogenerated by MyEclipse Persistence Tools
-->
<hibernate-mapping>
    <class name="com.model.jingdian" table="jingdian">
        <id name="id" type="java.lang.Integer">
            <column name="id" />
            <generator class="increment" />
        </id>
        <property name="biaoti" type="java.lang.String">
            <column name="biaoti" length="200" />
        </property>
        <property name="neirong" type="java.lang.String">
            <column name="neirong" length="3000" />
        </property>
        <property name="leibieid" type="java.lang.Integer">
            <column name="leibieid" length="11" />
        </property>
        <property name="image" type="java.lang.String">
            <column name="image" length="255" />
        </property>
        <property name="jiage" type="java.lang.Integer">
            <column name="jiage" length="11" />
        </property>
        <property name="shijian" type="java.lang.String">
            <column name="shijian" length="50" />
        </property>

    </class>
</hibernate-mapping>
