<?xml version="1.0" encoding="utf-8"?>
<!DOCTYPE hibernate-mapping PUBLIC "-//Hibernate/Hibernate Mapping DTD 3.0//EN"
        "http://hibernate.sourceforge.net/hibernate-mapping-3.0.dtd">
<!--
    Mapping file autogenerated by MyEclipse Persistence Tools
-->
<hibernate-mapping>
    <class name="com.model.jiudian" table="jiudian">
        <id name="id" type="java.lang.Integer">
            <column name="id" />
            <generator class="increment" />
        </id>
        <property name="biaoti" type="java.lang.String">
            <column name="biaoti" length="50" />
        </property>
        <property name="neirong" type="java.lang.String">
            <column name="neirong" length="3000" />
        </property>
        <property name="dizhi" type="java.lang.String">
            <column name="dizhi" length="50" />
        </property>
        <property name="image" type="java.lang.String">
            <column name="image" length="255" />
        </property>
        <property name="shijian" type="java.lang.String">
            <column name="shijian" length="50" />
        </property>

    </class>
</hibernate-mapping>
