<?xml version="1.0" encoding="utf-8"?>
<!DOCTYPE hibernate-mapping PUBLIC "-//Hibernate/Hibernate Mapping DTD 3.0//EN"
        "http://hibernate.sourceforge.net/hibernate-mapping-3.0.dtd">
<!--
    Mapping file autogenerated by MyEclipse Persistence Tools
-->
<hibernate-mapping>
    <class name="com.model.liuyan" table="liuyan">
        <id name="id" type="java.lang.Integer">
            <column name="id" />
            <generator class="increment" />
        </id>
        <property name="biaoti" type="java.lang.String">
            <column name="biaoti" length="255" />
        </property>
        <property name="neirong" type="java.lang.String">
            <column name="neirong" length="4000" />
        </property>
        <property name="liuyanshijian" type="java.lang.String">
            <column name="liuyanshijian" length="55" />
        </property>
        <property name="usersid" type="java.lang.Integer">
            <column name="usersid" length="11" />
        </property>
        <property name="huifu" type="java.lang.String">
            <column name="huifu" length="4000" />
        </property>

    </class>
</hibernate-mapping>
