<?xml version="1.0" encoding="utf-8"?>
<!DOCTYPE hibernate-mapping PUBLIC "-//Hibernate/Hibernate Mapping DTD 3.0//EN"
        "http://hibernate.sourceforge.net/hibernate-mapping-3.0.dtd">
<!--
    Mapping file autogenerated by MyEclipse Persistence Tools
-->
<hibernate-mapping>
    <class name="com.model.shoucang" table="shoucang">
        <id name="id" type="java.lang.Integer">
            <column name="id" />
            <generator class="increment" />
        </id>
        <property name="shijian" type="java.lang.String">
            <column name="shijian" length="50" />
        </property>
        <property name="jingdianid" type="java.lang.Integer">
            <column name="jingdianid" length="11" />
        </property>
        <property name="usersid" type="java.lang.Integer">
            <column name="usersid" length="11" />
        </property>

    </class>
</hibernate-mapping>
