<?xml version="1.0" encoding="utf-8"?>
<!DOCTYPE hibernate-mapping PUBLIC "-//Hibernate/Hibernate Mapping DTD 3.0//EN"
        "http://hibernate.sourceforge.net/hibernate-mapping-3.0.dtd">
<!--
    Mapping file autogenerated by MyEclipse Persistence Tools
-->
<hibernate-mapping>
    <class name="com.model.users" table="users">
        <id name="id" type="java.lang.Integer">
            <column name="id" />
            <generator class="increment" />
        </id>
        <property name="loginname" type="java.lang.String">
            <column name="loginname" length="50" />
        </property>
        <property name="loginpw" type="java.lang.String">
            <column name="loginpw" length="50" />
        </property>
        <property name="xingming" type="java.lang.String">
            <column name="xingming" length="50" />
        </property>
        <property name="xingbie" type="java.lang.String">
            <column name="xingbie" length="50" />
        </property>
        <property name="nianling" type="java.lang.String">
            <column name="nianling" length="50" />
        </property>
        <property name="address" type="java.lang.String">
            <column name="address" length="50" />
        </property>
        <property name="dianhua" type="java.lang.String">
            <column name="dianhua" length="255" />
        </property>
        <property name="shenhe" type="java.lang.String">
            <column name="shenhe" length="50" />
        </property>
        <property name="type" type="java.lang.String">
            <column name="type" length="50" />
        </property>
        <property name="typename" type="java.lang.String">
            <column name="typename" length="50" />
        </property>

    </class>
</hibernate-mapping>
