<?xml version="1.0" encoding="utf-8"?>
<!DOCTYPE hibernate-mapping PUBLIC "-//Hibernate/Hibernate Mapping DTD 3.0//EN"
        "http://hibernate.sourceforge.net/hibernate-mapping-3.0.dtd">
<!--
    Mapping file autogenerated by MyEclipse Persistence Tools
-->
<hibernate-mapping>
    <class name="com.model.yuyue" table="yuyue">
        <id name="id" type="java.lang.Integer">
            <column name="id" />
            <generator class="increment" />
        </id>
        <property name="biaoti" type="java.lang.String">
            <column name="biaoti" length="50" />
        </property>
        <property name="xianluid" type="java.lang.Integer">
            <column name="xianluid" length="11" />
        </property>
        <property name="usersid" type="java.lang.Integer">
            <column name="usersid" length="11" />
        </property>
        <property name="riqi" type="java.lang.String">
            <column name="riqi" length="50" />
        </property>
        <property name="xingming" type="java.lang.String">
            <column name="xingming" length="50" />
        </property>
        <property name="dianhua" type="java.lang.String">
            <column name="dianhua" length="50" />
        </property>
        <property name="beizhu" type="java.lang.String">
            <column name="beizhu" length="50" />
        </property>

    </class>
</hibernate-mapping>
